state	action
0	0
1	1
2	0
3	-1
4	-1
5	-1
6	-1
7	-1
8	-1
9	1
10	-1
11	0
12	-1
13	-1
14	-1
15	1
16	1
17	0
18	-1
19	-1
20	-1
21	0
22	-1
23	0
24	-1
25	1
26	-1
27	-1
28	-1
29	-1
30	-1
31	1
32	1
33	0
34	-1
35	-1
36	-1
37	-1
38	-1
39	1
40	-1
41	0
42	-1
43	1
44	1
45	0
46	-1
47	-1
48	0
49	-1
50	-1
51	-1
52	-1
53	0
54	0
55	-1
56	0
57	-1
58	-1
59	1
60	1
61	0
62	-1
63	1
64	-1
65	0
66	0
67	-1
68	-1
69	0
70	-1
71	1
72	-1
73	-1
74	-1
75	0
76	1
77	-1
78	1
79	0
80	-1
81	-1
82	1
83	1
84	-1
85	0
86	1
87	-1
88	1
89	0
90	1
91	1
92	1
93	1
94	0
95	1
96	-1
97	0
98	0
99	1
100	-1
101	0
102	1
103	0
104	1
105	1
106	0
107	1
108	1
109	1
110	1
111	-1
112	-1
113	0
114	1
115	1
116	1
117	1
118	1
119	0
120	0
121	1
122	1
123	1
124	1
125	0
126	-1
127	-1
128	-1
129	0
130	0
131	1
132	-1
133	-1
134	-1
135	-1
136	-1
137	-1
138	0
139	-1
140	1
141	-1
142	0
143	0
144	0
145	1
146	-1
147	1
148	-1
149	0
150	-1
151	-1
152	1
153	-1
154	-1
155	-1
156	1
157	-1
158	1
159	1
160	0
161	0
162	-1
163	0
164	-1
165	0
166	1
167	0
168	0
169	-1
170	-1
171	0
172	1
173	0
174	-1
175	1
176	0
177	-1
178	1
179	-1
180	0
181	-1
182	-1
183	-1
184	1
185	0
186	1
187	-1
188	0
189	0
190	0
191	1
192	0
193	1
194	1
195	1
196	1
197	1
198	-1
199	0
200	0
201	-1
202	0
203	0
204	0
205	1
206	-1
207	0
208	0
209	-1
210	0
211	1
212	0
213	0
214	-1
215	0
216	-1
217	1
218	1
219	0
220	0
221	1
222	1
223	1
224	1
225	0
226	-1
227	-1
228	-1
229	0
230	1
231	-1
232	-1
233	0
234	0
235	1
236	-1
237	1
238	0
239	0
240	0
241	1
242	0
243	1
244	1
245	1
246	-1
247	1
248	1
249	1
250	1
251	1
252	1
253	1
254	-1
255	0
256	-1
257	0
258	1
259	0
260	0
261	-1
262	-1
263	0
264	-1
265	1
266	0
267	-1
268	1
269	0
270	-1
271	-1
272	1
273	-1
274	1
275	0
276	0
277	-1
278	1
279	1
280	0
281	0
282	0
283	-1
284	1
285	0
286	0
287	1
288	1
289	1
290	-1
291	-1
292	1
293	1
294	0
295	0
296	0
297	0
298	-1
299	1
300	1
301	0
302	-1
303	1
304	0
305	-1
306	0
307	1
308	0
309	1
310	-1
311	0
312	1
313	-1
314	-1
315	1
316	-1
317	-1
318	-1
319	0
320	-1
321	-1
322	0
323	0
324	1
325	0
326	1
327	1
328	-1
329	1
330	-1
331	0
332	1
333	0
334	0
335	1
336	-1
337	0
338	-1
339	1
340	1
341	0
342	0
343	1
344	1
345	1
346	0
347	1
348	1
349	0
350	1
351	-1
352	1
353	0
354	0
355	0
356	0
357	1
358	-1
359	0
360	1
361	0
362	-1
363	1
364	-1
365	0
366	-1
367	1
368	1
369	-1
370	-1
371	0
372	0
373	0
374	1
375	0
376	-1
377	1
378	-1
379	1
380	0
381	0
382	0
383	1
384	0
385	-1
386	0
387	1
388	-1
389	0
390	-1
391	-1
392	-1
393	1
394	1
395	0
396	-1
397	0
398	-1
399	-1
400	-1
401	-1
402	0
403	-1
404	0
405	0
406	-1
407	-1
408	-1
409	1
410	-1
411	1
412	-1
413	-1
414	0
415	0
416	1
417	0
418	0
419	-1
420	0
421	-1
422	1
423	0
424	0
425	0
426	-1
427	0
428	1
429	-1
430	-1
431	-1
432	0
433	0
434	-1
435	1
436	1
437	0
438	1
439	1
440	-1
441	-1
442	1
443	-1
444	1
445	1
446	1
447	0
448	0
449	-1
450	1
451	0
452	1
453	0
454	0
455	1
456	-1
457	0
458	0
459	1
460	1
461	1
462	1
463	0
464	-1
465	1
466	-1
467	1
468	-1
469	1
470	1
471	0
472	-1
473	-1
474	1
475	1
476	1
477	1
478	-1
479	1
480	-1
481	0
482	1
483	-1
484	-1
485	-1
486	1
487	0
488	0
489	1
490	-1
491	-1
492	-1
493	1
494	0
495	1
496	-1
497	1
498	1
499	1
500	-1
501	-1
502	1
503	1
504	-1
505	1
506	1
507	0
508	1
509	0
510	1
511	0
512	0
513	0
514	-1
515	-1
516	0
517	0
518	-1
519	0
520	0
521	-1
522	1
523	1
524	1
525	0
526	-1
527	-1
528	0
529	1
530	-1
531	1
532	1
533	-1
534	-1
535	-1
536	-1
537	1
538	0
539	-1
540	0
541	1
542	0
543	-1
544	1
545	1
546	-1
547	-1
548	-1
549	1
550	-1
551	-1
552	1
553	-1
554	-1
555	-1
556	0
557	-1
558	0
559	1
560	1
561	-1
562	-1
563	1
564	-1
565	-1
566	0
567	-1
568	0
569	-1
570	-1
571	1
572	0
573	0
574	1
575	1
576	-1
577	0
578	1
579	-1
580	-1
581	1
582	1
583	1
584	0
585	-1
586	-1
587	-1
588	-1
589	0
590	1
591	1
592	0
593	0
594	0
595	0
596	1
597	1
598	1
599	0
600	-1
601	0
602	-1
603	-1
604	1
605	1
606	1
607	-1
608	1
609	-1
610	0
611	0
612	-1
613	1
614	0
615	0
616	-1
617	-1
618	0
619	-1
620	0
621	-1
622	-1
623	1
624	1
625	1
626	1
627	0
628	-1
629	1
630	0
631	-1
632	0
633	1
634	1
635	1
636	0
637	1
638	0
639	0
640	0
641	1
642	0
643	-1
644	0
645	-1
646	-1
647	1
648	1
649	1
650	0
651	-1
652	1
653	0
654	-1
655	-1
656	-1
657	1
658	-1
659	0
660	-1
661	0
662	0
663	-1
664	1
665	1
666	1
667	-1
668	-1
669	0
670	0
671	0
672	0
673	1
674	-1
675	-1
676	-1
677	0
678	-1
679	0
680	0
681	0
682	-1
683	1
684	1
685	1
686	0
687	1
688	1
689	0
690	-1
691	-1
692	1
693	1
694	0
695	1
696	1
697	-1
698	0
699	0
700	-1
701	0
702	0
703	1
704	0
705	0
706	-1
707	0
708	1
709	-1
710	1
711	1
712	0
713	-1
714	-1
715	-1
716	-1
717	0
718	1
719	1
720	-1
721	-1
722	0
723	0
724	1
725	0
726	1
727	1
728	1
729	1
730	1
731	1
732	-1
733	1
734	1
735	0
736	1
737	-1
738	0
739	-1
740	0
741	0
742	1
743	1
744	-1
745	0
746	1
747	-1
748	-1
749	-1
750	0
751	0
752	-1
753	0
754	1
755	-1
756	-1
757	1
758	0
759	-1
760	0
761	1
762	1
763	0
764	0
765	-1
766	-1
767	0
768	-1
769	0
770	0
771	-1
772	0
773	-1
774	-1
775	-1
776	0
777	1
778	0
779	-1
780	1
781	0
782	-1
783	1
784	1
785	-1
786	0
787	0
788	0
789	1
790	0
791	1
792	-1
793	0
794	1
795	-1
796	-1
797	-1
798	-1
799	-1
800	-1
801	-1
802	0
803	-1
804	-1
805	0
806	1
807	-1
808	-1
809	1
810	-1
811	-1
812	1
813	0
814	1
815	1
816	-1
817	0
818	-1
819	-1
820	1
821	1
822	-1
823	0
824	1
825	-1
826	-1
827	1
828	1
829	1
830	-1
831	0
832	0
833	1
834	-1
835	0
836	-1
837	0
838	-1
839	1
840	-1
841	0
842	1
843	1
844	0
845	0
846	1
847	1
848	1
849	1
850	0
851	1
852	0
853	0
854	1
855	0
856	-1
857	1
858	-1
859	1
860	1
861	-1
862	1
863	-1
864	1
865	0
866	1
867	0
868	-1
869	1
870	1
871	-1
872	-1
873	0
874	-1
875	-1
876	0
877	1
878	0
879	-1
880	1
881	-1
882	1
883	0
884	-1
885	1
886	1
887	1
888	-1
889	1
890	1
891	1
892	0
893	1
894	-1
895	-1
896	-1
897	1
898	0
899	0
900	-1
901	0
902	1
903	0
904	0
905	1
906	1
907	0
908	-1
909	0
910	1
911	0
912	0
913	0
914	1
915	0
916	-1
917	1
918	-1
919	0
920	0
921	-1
922	-1
923	-1
924	-1
925	-1
926	0
927	1
928	0
929	-1
930	-1
931	-1
932	-1
933	-1
934	-1
935	-1
936	-1
937	1
938	0
939	1
940	0
941	-1
942	1
943	-1
944	-1
945	0
946	-1
947	0
948	-1
949	0
950	1
951	-1
952	1
953	-1
954	-1
955	0
956	-1
957	-1
958	-1
959	-1
960	0
961	0
962	0
963	0
964	0
965	1
966	1
967	0
968	1
969	0
970	-1
971	1
972	-1
973	1
974	0
975	1
976	1
977	1
978	0
979	-1
980	1
981	-1
982	1
983	0
984	0
985	0
986	0
987	1
988	1
989	0
990	0
991	-1
992	1
993	0
994	-1
995	0
996	0
997	1
998	0
999	1
1000	-1
1001	0
1002	0
1003	0
1004	1
1005	1
1006	0
1007	-1
1008	1
1009	1
1010	1
1011	0
1012	1
1013	0
1014	1
1015	1
1016	0
1017	1
1018	-1
1019	0
1020	1
1021	1
1022	-1
1023	-1
1024	-1
1025	-1
1026	1
1027	1
1028	-1
1029	-1
1030	1
1031	-1
1032	-1
1033	1
1034	1
1035	0
1036	-1
1037	0
1038	1
1039	0
1040	1
1041	-1
1042	1
1043	0
1044	0
1045	-1
1046	-1
1047	1
1048	-1
1049	1
1050	1
1051	0
1052	-1
1053	-1
1054	-1
1055	0
1056	-1
1057	1
1058	-1
1059	-1
1060	1
1061	-1
1062	-1
1063	0
1064	1
1065	0
1066	1
1067	0
1068	1
1069	0
1070	-1
1071	-1
1072	0
1073	-1
1074	-1
1075	-1
1076	-1
1077	1
1078	0
1079	1
1080	0
1081	1
1082	1
1083	-1
1084	1
1085	1
1086	0
1087	-1
1088	-1
1089	1
1090	-1
1091	-1
1092	0
1093	1
1094	1
1095	-1
1096	1
1097	1
1098	0
1099	0
1100	0
1101	0
1102	1
1103	-1
1104	-1
1105	1
1106	0
1107	-1
1108	1
1109	0
1110	1
1111	1
1112	1
1113	0
1114	1
1115	-1
1116	-1
1117	1
1118	-1
1119	-1
1120	0
1121	1
1122	1
1123	1
1124	1
1125	-1
1126	-1
1127	-1
1128	0
1129	1
1130	-1
1131	1
1132	0
1133	-1
1134	0
1135	1
1136	1
1137	1
1138	1
1139	1
1140	1
1141	1
1142	0
1143	1
1144	1
1145	1
1146	1
1147	1
1148	1
1149	-1
1150	0
1151	-1
1152	-1
1153	1
1154	1
1155	-1
1156	-1
1157	-1
1158	-1
1159	0
1160	1
1161	0
1162	0
1163	0
1164	0
1165	-1
1166	0
1167	0
1168	1
1169	0
1170	1
1171	0
1172	-1
1173	0
1174	0
1175	0
1176	0
1177	-1
1178	1
1179	1
1180	1
1181	0
1182	1
1183	1
1184	1
1185	-1
1186	1
1187	-1
1188	1
1189	1
1190	1
1191	0
1192	-1
1193	-1
1194	-1
1195	-1
1196	0
1197	0
1198	-1
1199	-1
1200	1
1201	0
1202	-1
1203	1
1204	-1
1205	1
1206	-1
1207	1
1208	0
1209	0
1210	-1
1211	-1
1212	-1
1213	-1
1214	0
1215	1
1216	0
1217	-1
1218	0
1219	-1
1220	-1
1221	1
1222	1
1223	-1
1224	1
1225	1
1226	0
1227	-1
1228	1
1229	0
1230	0
1231	-1
1232	0
1233	1
1234	1
1235	-1
1236	-1
1237	1
1238	1
1239	-1
1240	0
1241	1
1242	1
1243	1
1244	1
1245	0
1246	0
1247	0
1248	-1
1249	-1
1250	1
1251	1
1252	-1
1253	0
1254	0
1255	-1
1256	1
1257	1
1258	0
1259	1
1260	0
1261	1
1262	1
1263	0
1264	-1
1265	1
1266	0
1267	1
1268	1
1269	1
1270	-1
1271	1
1272	1
1273	1
1274	1
1275	1
1276	-1
1277	-1
1278	0
1279	-1
1280	-1
1281	1
1282	0
1283	0
1284	-1
1285	0
1286	-1
1287	-1
1288	0
1289	-1
1290	1
1291	0
1292	-1
1293	0
1294	-1
1295	-1
1296	-1
1297	1
1298	0
1299	-1
1300	-1
1301	0
1302	1
1303	1
1304	1
1305	0
1306	1
1307	0
1308	1
1309	-1
1310	1
1311	0
1312	-1
1313	-1
1314	-1
1315	0
1316	0
1317	1
1318	1
1319	-1
1320	1
1321	0
1322	-1
1323	1
1324	0
1325	-1
1326	-1
1327	0
1328	0
1329	0
1330	1
1331	0
1332	0
1333	0
1334	1
1335	-1
1336	0
1337	0
1338	0
1339	0
1340	0
1341	0
1342	-1
1343	1
1344	-1
1345	-1
1346	-1
1347	-1
1348	-1
1349	1
1350	-1
1351	0
1352	0
1353	-1
1354	0
1355	0
1356	1
1357	-1
1358	-1
1359	0
1360	1
1361	1
1362	1
1363	0
1364	-1
1365	-1
1366	-1
1367	0
1368	-1
1369	-1
1370	1
1371	-1
1372	-1
1373	0
1374	1
1375	-1
1376	-1
1377	0
1378	1
1379	0
1380	-1
1381	1
1382	-1
1383	0
1384	-1
1385	-1
1386	0
1387	1
1388	1
1389	-1
1390	1
1391	0
1392	0
1393	-1
1394	1
1395	-1
1396	1
1397	1
1398	-1
1399	0
1400	-1
1401	0
1402	1
1403	0
1404	1
1405	0
1406	-1
1407	-1
1408	0
1409	-1
1410	0
1411	0
1412	0
1413	-1
1414	-1
1415	-1
1416	0
1417	0
1418	-1
1419	-1
1420	1
1421	-1
1422	0
1423	-1
1424	0
1425	-1
1426	1
1427	0
1428	0
1429	-1
1430	1
1431	-1
1432	-1
1433	1
1434	-1
1435	0
1436	0
1437	0
1438	1
1439	-1
1440	-1
1441	1
1442	1
1443	1
1444	0
1445	0
1446	0
1447	0
1448	-1
1449	-1
1450	-1
1451	-1
1452	1
1453	-1
1454	-1
1455	1
1456	0
1457	-1
1458	1
1459	0
1460	0
1461	0
1462	1
1463	-1
1464	-1
1465	-1
1466	-1
1467	1
1468	0
1469	0
1470	-1
1471	1
1472	-1
1473	1
1474	1
1475	1
1476	-1
1477	-1
1478	-1
1479	0
1480	0
1481	-1
1482	0
1483	-1
1484	-1
1485	0
1486	-1
1487	0
1488	1
1489	1
1490	0
1491	0
1492	-1
1493	0
1494	1
1495	-1
1496	1
1497	0
1498	1
1499	0
1500	0
1501	0
1502	1
1503	0
1504	-1
1505	0
1506	-1
1507	1
1508	0
1509	-1
1510	0
1511	1
1512	1
1513	0
1514	0
1515	0
1516	0
1517	1
1518	0
1519	0
1520	1
1521	0
1522	-1
1523	1
1524	0
1525	-1
1526	-1
1527	-1
1528	-1
1529	1
1530	1
1531	1
1532	1
1533	-1
1534	-1
1535	-1
1536	-1
1537	1
1538	0
1539	1
1540	-1
1541	-1
1542	-1
1543	0
1544	0
1545	1
1546	-1
1547	1
1548	0
1549	1
1550	-1
1551	0
1552	-1
1553	-1
1554	1
1555	0
1556	1
1557	0
1558	1
1559	-1
1560	0
1561	-1
1562	0
1563	1
1564	1
1565	1
1566	0
1567	0
1568	-1
1569	-1
1570	1
1571	0
1572	0
1573	-1
1574	1
1575	1
1576	-1
1577	0
1578	-1
1579	1
1580	-1
1581	-1
1582	0
1583	0
1584	-1
1585	-1
1586	-1
1587	0
1588	1
1589	-1
1590	1
1591	0
1592	1
1593	0
1594	-1
1595	1
1596	0
1597	-1
1598	0
1599	0
1600	-1
1601	0
1602	-1
1603	0
1604	0
1605	0
1606	1
1607	0
1608	1
1609	-1
1610	-1
1611	0
1612	-1
1613	0
1614	1
1615	1
1616	-1
1617	-1
1618	1
1619	0
1620	-1
1621	-1
1622	0
1623	-1
1624	0
1625	0
1626	1
1627	1
1628	0
1629	-1
1630	0
1631	0
1632	-1
1633	-1
1634	-1
1635	-1
1636	0
1637	0
1638	-1
1639	0
1640	0
1641	1
1642	1
1643	1
1644	1
1645	-1
1646	1
1647	-1
1648	-1
1649	1
1650	1
1651	1
1652	-1
1653	0
1654	0
1655	1
1656	-1
1657	1
1658	1
1659	1
1660	0
1661	0
1662	1
1663	0
1664	-1
1665	0
1666	-1
1667	1
1668	0
1669	-1
1670	-1
1671	-1
1672	0
1673	-1
1674	-1
1675	-1
1676	-1
1677	-1
1678	-1
1679	-1
1680	0
1681	1
1682	-1
1683	1
1684	-1
1685	0
1686	1
1687	0
1688	1
1689	-1
1690	-1
1691	1
1692	-1
1693	-1
1694	1
1695	0
1696	0
1697	-1
1698	0
1699	1
1700	-1
1701	0
1702	0
1703	0
1704	0
1705	1
1706	0
1707	-1
1708	0
1709	1
1710	-1
1711	0
1712	-1
1713	0
1714	-1
1715	1
1716	-1
1717	1
1718	0
1719	0
1720	0
1721	-1
1722	0
1723	1
1724	-1
1725	-1
1726	1
1727	0
1728	0
1729	-1
1730	-1
1731	0
1732	0
1733	1
1734	1
1735	0
1736	-1
1737	1
1738	-1
1739	-1
1740	-1
1741	-1
1742	0
1743	-1
1744	1
1745	1
1746	0
1747	-1
1748	0
1749	-1
1750	-1
1751	-1
1752	0
1753	1
1754	0
1755	-1
1756	1
1757	-1
1758	-1
1759	1
1760	0
1761	0
1762	-1
1763	1
1764	-1
1765	0
1766	-1
1767	1
1768	0
1769	-1
1770	1
1771	0
1772	0
1773	-1
1774	-1
1775	1
1776	0
1777	-1
1778	1
1779	0
1780	-1
1781	-1
1782	1
1783	-1
1784	1
1785	1
1786	1
1787	0
1788	-1
1789	-1
1790	-1
1791	1
1792	-1
1793	-1
1794	-1
1795	0
1796	0
1797	-1
1798	-1
1799	-1
1800	0
1801	1
1802	0
1803	1
1804	1
1805	0
1806	0
1807	-1
1808	0
1809	0
1810	-1
1811	-1
1812	0
1813	0
1814	0
1815	-1
1816	0
1817	1
1818	-1
1819	1
1820	-1
1821	0
1822	1
1823	-1
1824	-1
1825	0
1826	1
1827	-1
1828	1
1829	0
1830	-1
1831	0
1832	-1
1833	1
1834	0
1835	1
1836	-1
1837	1
1838	1
1839	0
1840	1
1841	-1
1842	-1
1843	1
1844	0
1845	0
1846	0
1847	-1
1848	-1
1849	0
1850	0
1851	1
1852	-1
1853	1
1854	1
1855	-1
1856	-1
1857	0
1858	-1
1859	1
1860	0
1861	-1
1862	0
1863	0
1864	1
1865	0
1866	-1
1867	0
1868	1
1869	0
1870	0
1871	1
1872	0
1873	0
1874	1
1875	0
1876	-1
1877	-1
1878	1
1879	1
1880	0
1881	1
1882	0
1883	0
1884	1
1885	0
1886	1
1887	0
1888	-1
1889	-1
1890	1
1891	1
1892	0
1893	0
1894	-1
1895	1
1896	1
1897	1
1898	1
1899	0
1900	-1
1901	0
1902	0
1903	-1
1904	0
1905	0
1906	-1
1907	1
1908	0
1909	-1
1910	-1
1911	-1
1912	-1
1913	1
1914	1
1915	1
1916	-1
1917	-1
1918	0
1919	0
1920	-1
1921	-1
1922	0
1923	1
1924	1
1925	0
1926	-1
1927	-1
1928	-1
1929	0
1930	1
1931	-1
1932	1
1933	-1
1934	-1
1935	-1
1936	-1
1937	-1
1938	-1
1939	1
1940	1
1941	0
1942	-1
1943	-1
1944	-1
1945	-1
1946	-1
1947	0
1948	-1
1949	1
1950	0
1951	-1
1952	-1
1953	-1
1954	1
1955	0
1956	1
1957	0
1958	1
1959	0
1960	-1
1961	-1
1962	1
1963	1
1964	-1
1965	0
1966	1
1967	0
1968	-1
1969	-1
1970	1
1971	-1
1972	0
1973	0
1974	0
1975	-1
1976	-1
1977	-1
1978	1
1979	-1
1980	0
1981	0
1982	1
1983	-1
1984	-1
1985	-1
1986	-1
1987	0
1988	0
1989	-1
1990	1
1991	0
1992	-1
1993	-1
1994	-1
1995	0
1996	0
1997	-1
1998	0
1999	0
2000	1
2001	1
2002	-1
2003	1
2004	-1
2005	-1
2006	1
2007	0
2008	1
2009	1
2010	1
2011	1
2012	0
2013	1
2014	1
2015	-1
2016	1
2017	1
2018	0
2019	0
2020	0
2021	1
2022	-1
2023	1
2024	1
2025	1
2026	1
2027	-1
2028	-1
2029	-1
2030	1
2031	1
2032	1
2033	1
2034	1
2035	0
2036	-1
2037	-1
2038	0
2039	0
2040	1
2041	1
2042	1
2043	1
2044	-1
2045	1
2046	1
2047	1
